{"count":1,"self":268.9921536,"total":6517.1650282,"children":{"InitializeActuators":{"count":12,"self":0.0010000999999999999,"total":0.0010000999999999999,"children":null},"InitializeSensors":{"count":12,"self":0.0040003999999999994,"total":0.0040003999999999994,"children":null},"AgentSendState":{"count":281934,"self":4.5542644,"total":1048.0685595999998,"children":{"GridSensor.Update":{"count":3383208,"self":932.11258879999991,"total":932.112632,"children":null},"CollectObservations":{"count":3383208,"self":1.6799788,"total":1.6799788999999998,"children":null},"WriteActionMask":{"count":3383208,"self":0.4803937,"total":0.4803937,"children":null},"RequestDecision":{"count":3383208,"self":2.6751579999999997,"total":109.2412906,"children":{"AgentInfo.ToProto":{"count":3383208,"self":3.1034572,"total":106.56613259999999,"children":{"GenerateSensorData":{"count":3383208,"self":34.657759999999996,"total":103.46267549999999,"children":{"GridSensor.GetCompressedObservation":{"count":3383208,"self":68.8049152,"total":68.8049146,"children":null}}}}}}}}},"DecideAction":{"count":281934,"self":5195.1030272,"total":5195.1030271,"children":null},"AgentAct":{"count":281934,"self":4.0429184,"total":4.0429183,"children":null},"GridSensor.Update":{"count":2514,"self":0.83699479999999993,"total":0.83699479999999993,"children":null},"AgentInfo.ToProto":{"count":2514,"self":0.0079787,"total":0.1163713,"children":{"GenerateSensorData":{"count":2514,"self":0.0170014,"total":0.10839259999999999,"children":{"GridSensor.GetCompressedObservation":{"count":2514,"self":0.091391199999999992,"total":0.091391199999999992,"children":null}}}}}},"gauges":{"CarlosKart.CumulativeReward":{"count":2514,"max":7550.777,"min":-8.1,"runningAverage":393.054443,"value":44.3575935,"weightedAverage":123.054825}},"metadata":{"timer_format_version":"0.1.0","start_time_seconds":"1733267417","unity_version":"2022.3.51f1","command_line_arguments":"C:\/Program Files\/Unity 2022.3.51f1\/Editor\/Unity.exe -projectpath C:\\Users\\carlo\\Desktop\\ML\\Kart01 -useHub -hubIPC -cloudEnvironment production","communication_protocol_version":"1.5.0","com.unity.ml-agents_version":"3.0.0-exp.1","scene_name":"Training","end_time_seconds":"1733273934"}}